<?xml version="1.0" encoding="UTF-8"?>
<project-private xmlns="http://www.netbeans.org/ns/project-private/1">
    <editor-bookmarks xmlns="http://www.netbeans.org/ns/editor-bookmarks/2" lastBookmarkId="0"/>
    <open-files xmlns="http://www.netbeans.org/ns/projectui-open-files/2">
        <group>
            <file>file:/home/drewski/Desktop/netbeans8.0Projects/362/Orb362/src/orb362/CollisionDetection2.java</file>
            <file>file:/home/drewski/Desktop/netbeans8.0Projects/362/Orb362/src/orb362/Star.java</file>
            <file>file:/home/drewski/Desktop/netbeans8.0Projects/362/Orb362/src/orb362/Position.java</file>
            <file>file:/home/drewski/Desktop/netbeans8.0Projects/362/Orb362/src/orb362/Player.java</file>
            <file>file:/home/drewski/Desktop/netbeans8.0Projects/362/Orb362/src/orb362/HUD.java</file>
            <file>file:/home/drewski/Desktop/netbeans8.0Projects/362/Orb362/src/orb362/MapLoader.java</file>
            <file>file:/home/drewski/Desktop/netbeans8.0Projects/362/Orb362/src/orb362/Orbit.java</file>
            <file>file:/home/drewski/Desktop/netbeans8.0Projects/362/Orb362/src/orb362/GameWindow.java</file>
        </group>
    </open-files>
</project-private>
